,0,1,2,3,4,5,6,7,8,9,accuracy,macro avg,weighted avg
precision,0.4839924670433145,0.28996692392502754,0.3096885813148789,0.1889763779527559,0.19967880085653106,0.21241050119331742,0.2521166509877705,0.3051519154557464,0.37037037037037035,0.3273921200750469,0.272,0.29397447091747597,0.29397447091747597
recall,0.257,0.263,0.179,0.144,0.373,0.178,0.536,0.231,0.21,0.349,0.272,0.27199999999999996,0.272
f1-score,0.3357282821685173,0.27582590456213946,0.22686945500633715,0.16345062429057886,0.2601115760111576,0.19368879216539717,0.34293026231605883,0.2629482071713148,0.26802807913209953,0.3378509196515005,0.272,0.26674321024751013,0.26674321024751013
support,1000.0,1000.0,1000.0,1000.0,1000.0,1000.0,1000.0,1000.0,1000.0,1000.0,0.272,10000.0,10000.0
