,0,1,2,3,4,5,6,7,8,9,accuracy,macro avg,weighted avg
precision,0.3160847880299252,0.4444444444444444,0.30739299610894943,0.22168284789644013,0.33281972265023113,0.26944444444444443,0.26180021953896815,0.31094527363184077,0.3264733395696913,0.23723003085361674,0.2778,0.30283181071685517,0.30283181071685517
recall,0.507,0.02,0.158,0.137,0.216,0.097,0.477,0.125,0.349,0.692,0.2778,0.27780000000000005,0.2778
f1-score,0.38940092165898615,0.03827751196172249,0.20871862615587847,0.16934487021013597,0.2619769557307459,0.1426470588235294,0.3380581148121899,0.1783166904422254,0.3373610439826003,0.35333163135052337,0.2778,0.24174334251285373,0.24174334251285373
support,1000.0,1000.0,1000.0,1000.0,1000.0,1000.0,1000.0,1000.0,1000.0,1000.0,0.2778,10000.0,10000.0
