,0,1,2,3,4,5,6,7,8,9,accuracy,macro avg,weighted avg
precision,0.49312714776632305,0.3046875,0.3241525423728814,0.25286160249739853,0.3123861566484517,0.2446351931330472,0.2894248608534323,0.3242074927953891,0.39896373056994816,0.3328488372093023,0.3201,0.3277295063846174,0.32772950638461734
recall,0.287,0.468,0.153,0.243,0.343,0.171,0.468,0.225,0.385,0.458,0.3201,0.32010000000000005,0.3201
f1-score,0.36283185840707965,0.3690851735015773,0.2078804347826087,0.24783273839877615,0.32697807435653,0.2012948793407887,0.35766144440198705,0.26564344746162927,0.39185750636132316,0.38552188552188554,0.3201,0.31165874425341855,0.31165874425341855
support,1000.0,1000.0,1000.0,1000.0,1000.0,1000.0,1000.0,1000.0,1000.0,1000.0,0.3201,10000.0,10000.0
